repo,dag_id,file,lambda_uniform,critical_path_uniform,cycle_condensed,cycle_tasks,cp_tasks,permalink
BaoBao1408/Data-Engineer-Projects,etl_pipeline_optimized,Airflow - DBT- Postgres/airflow/dags/etl_pipeline.py,1.0,2.0,etl_pipeline_optimized.run_dbt->etl_pipeline_optimized.run_dbt(p=1),etl_pipeline_optimized.run_dbt,etl_pipeline_optimized.incremental_load_to_staging -> etl_pipeline_optimized.run_dbt,https://github.com/BaoBao1408/Data-Engineer-Projects/blob/98e00d86f4a0c74b9537a01d0042cac73548213b/Airflow%20-%20DBT-%20Postgres/airflow/dags/etl_pipeline.py#L20
Beyyes/Titan,example_branch_dop_operator_v3,titan.ui/projects/airflow/airflow/example_dags/example_branch_python_dop_operator_3.py,1.0,2.0,example_branch_dop_operator_v3.oper_1->example_branch_dop_operator_v3.oper_1(p=1),example_branch_dop_operator_v3.oper_1,example_branch_dop_operator_v3.condition -> example_branch_dop_operator_v3.oper_1,https://github.com/Beyyes/Titan/blob/c10f8f2373f6028a5dfe770c76dc53c9cc271238/titan.ui/projects/airflow/airflow/example_dags/example_branch_python_dop_operator_3.py#L36
Beyyes/Titan,test_dag_v1,titan.ui/projects/airflow/dags/test_dag.py,1.0,3.0,test_dag_v1.run_this_3->test_dag_v1.run_this_3(p=1),test_dag_v1.run_this_3,test_dag_v1.run_this_1 -> test_dag_v1.run_this_2 -> test_dag_v1.run_this_3,https://github.com/Beyyes/Titan/blob/c10f8f2373f6028a5dfe770c76dc53c9cc271238/titan.ui/projects/airflow/dags/test_dag.py#L35
Beyyes/Titan,example_branch_dop_operator_v3,titan.workflow/airflow/example_dags/example_branch_python_dop_operator_3.py,1.0,2.0,example_branch_dop_operator_v3.oper_1->example_branch_dop_operator_v3.oper_1(p=1),example_branch_dop_operator_v3.oper_1,example_branch_dop_operator_v3.condition -> example_branch_dop_operator_v3.oper_1,https://github.com/Beyyes/Titan/blob/c10f8f2373f6028a5dfe770c76dc53c9cc271238/titan.workflow/airflow/example_dags/example_branch_python_dop_operator_3.py#L36
Beyyes/Titan,test_dag_v1,titan.workflow/dags/test_dag.py,1.0,3.0,test_dag_v1.run_this_3->test_dag_v1.run_this_3(p=1),test_dag_v1.run_this_3,test_dag_v1.run_this_1 -> test_dag_v1.run_this_2 -> test_dag_v1.run_this_3,https://github.com/Beyyes/Titan/blob/c10f8f2373f6028a5dfe770c76dc53c9cc271238/titan.workflow/dags/test_dag.py#L35
BigDataMatrix/DataPipeline,example_branch_dop_operator_v3,airflow/example_dags/example_branch_python_dop_operator_3.py,1.0,2.0,example_branch_dop_operator_v3.dummy_task_1->example_branch_dop_operator_v3.dummy_task_1(p=1),example_branch_dop_operator_v3.dummy_task_1,example_branch_dop_operator_v3.condition -> example_branch_dop_operator_v3.dummy_task_1,https://github.com/BigDataMatrix/DataPipeline/blob/068de6c1868631aa07ae0df87cfb106ee19e7bb9/airflow/example_dags/example_branch_python_dop_operator_3.py#L34
BigDataMatrix/DataPipeline,test_dag_v1,dags/test_dag.py,1.0,3.0,test_dag_v1.run_this_3->test_dag_v1.run_this_3(p=1),test_dag_v1.run_this_3,test_dag_v1.run_this_1 -> test_dag_v1.run_this_2 -> test_dag_v1.run_this_3,https://github.com/BigDataMatrix/DataPipeline/blob/068de6c1868631aa07ae0df87cfb106ee19e7bb9/dags/test_dag.py#L37
Chilliess/airflow-btl,example_branch_dop_operator_v3,airflow-core/src/airflow/example_dags/example_branch_python_dop_operator_3.py,1.0,2.0,example_branch_dop_operator_v3.empty_task_1->example_branch_dop_operator_v3.empty_task_1(p=1),example_branch_dop_operator_v3.empty_task_1,example_branch_dop_operator_v3.should_run -> example_branch_dop_operator_v3.empty_task_1,https://github.com/Chilliess/airflow-btl/blob/461cca4110c2346170ea867dfe84810ba67d7bd5/airflow-core/src/airflow/example_dags/example_branch_python_dop_operator_3.py#L45
Chilliess/airflow-btl,test_dag_v1,docker-stack-docs/docker-examples/extending/embedding-dags/test_dag.py,1.0,3.0,test_dag_v1.run_this_3->test_dag_v1.run_this_3(p=1),test_dag_v1.run_this_3,test_dag_v1.run_this_1 -> test_dag_v1.run_this_2 -> test_dag_v1.run_this_3,https://github.com/Chilliess/airflow-btl/blob/461cca4110c2346170ea867dfe84810ba67d7bd5/docker-stack-docs/docker-examples/extending/embedding-dags/test_dag.py#L35
DE32-3rd-team2/airflow,Team2,dags/main.py,1.0,6.0,Team2.end->Team2.end(p=1),Team2.end,Team2.start -> Team2.get_db -> Team2.task.branch -> Team2.predict -> Team2.save.log -> Team2.end,https://github.com/DE32-3rd-team2/airflow/blob/f03aa522a235f4603086aed3a1b07c153ef773bc/dags/main.py#L12
DSDE-Project/job-portal,example_branch_dop_operator_v3,example_dags/example_branch_python_dop_operator_3.py,1.0,2.0,example_branch_dop_operator_v3.empty_task_1->example_branch_dop_operator_v3.empty_task_1(p=1),example_branch_dop_operator_v3.empty_task_1,example_branch_dop_operator_v3.should_run -> example_branch_dop_operator_v3.empty_task_1,https://github.com/DSDE-Project/job-portal/blob/8f86b31bbb3a564603cbed54a1af152bd7507cea/example_dags/example_branch_python_dop_operator_3.py#L49
DSandovalFlavio/airflow-cf,practica_MSPM_B_dag,3.4-practica_MSPM_dag copy 2.py,1.0,4.0,practica_MSPM_B_dag.start->practica_MSPM_B_dag.start(p=1),practica_MSPM_B_dag.start,practica_MSPM_B_dag.ingest_db -> practica_MSPM_B_dag.predict_analytics -> practica_MSPM_B_dag.alert_supervisor -> practica_MSPM_B_dag.end,https://github.com/DSandovalFlavio/airflow-cf/blob/d926f8f546e1c66e8158e9c319a41e55d86fff14/3.4-practica_MSPM_dag%20copy%202.py#L21
DmitriiDenisov/airflow-lab,branch_list_ex,dags_examples/branch_list_ex.py,1.0,2.0,branch_list_ex.dummy_task_1->branch_list_ex.dummy_task_1(p=1),branch_list_ex.dummy_task_1,branch_list_ex.condition -> branch_list_ex.dummy_task_1,https://github.com/DmitriiDenisov/airflow-lab/blob/a9082852a13db77d96b5e8dde2b9bd40e8fc1d0f/dags_examples/branch_list_ex.py#L39
DmitriiDenisov/airflow-lab,example_branch_dop_operator_v3_my,dags_examples/branch_operator_ex_3.py,1.0,2.0,example_branch_dop_operator_v3_my.dummy_task_1->example_branch_dop_operator_v3_my.dummy_task_1(p=1),example_branch_dop_operator_v3_my.dummy_task_1,example_branch_dop_operator_v3_my.condition -> example_branch_dop_operator_v3_my.dummy_task_1,https://github.com/DmitriiDenisov/airflow-lab/blob/a9082852a13db77d96b5e8dde2b9bd40e8fc1d0f/dags_examples/branch_operator_ex_3.py#L39
EKS-APP/apache-airflow,example_branch_dop_operator_v3,airflow/example_dags/example_branch_python_dop_operator_3.py,1.0,2.0,example_branch_dop_operator_v3.empty_task_1->example_branch_dop_operator_v3.empty_task_1(p=1),example_branch_dop_operator_v3.empty_task_1,example_branch_dop_operator_v3.should_run -> example_branch_dop_operator_v3.empty_task_1,https://github.com/EKS-APP/apache-airflow/blob/aa084a3f6e2edb761ddcfc4945f7a5c329ca0db5/airflow/example_dags/example_branch_python_dop_operator_3.py#L48
EKS-APP/apache-airflow,test_dag_v1,docs/docker-stack/docker-examples/extending/embedding-dags/test_dag.py,1.0,3.0,test_dag_v1.run_this_3->test_dag_v1.run_this_3(p=1),test_dag_v1.run_this_3,test_dag_v1.run_this_1 -> test_dag_v1.run_this_2 -> test_dag_v1.run_this_3,https://github.com/EKS-APP/apache-airflow/blob/aa084a3f6e2edb761ddcfc4945f7a5c329ca0db5/docs/docker-stack/docker-examples/extending/embedding-dags/test_dag.py#L34
Gleb01548/russian_wiki_view_db,load_data_wikiviews,dags/wikiviews/load_data.py,2.0,3.0,load_data_wikiviews.load_data->load_data_wikiviews.load_data(p=1),load_data_wikiviews.сheck_data -> load_data_wikiviews.load_data,load_data_wikiviews.load_to_postgres_trigger_clickhouse.time_check -> load_data_wikiviews.load_to_postgres_trigger_clickhouse.not_end_day -> load_data_wikiviews.load_to_postgres_trigger_clickhouse.success,https://github.com/Gleb01548/russian_wiki_view_db/blob/2a2810bbf2a0ba1a734812810577d7535bfd99a8/dags/wikiviews/load_data.py#L55
Gleb01548/russian_wiki_view_db,wikipedia_views_load_and_processing,dags/wikiviews/processing_data.py,2.0,3.0,wikipedia_views_load_and_processing.load_data->wikipedia_views_load_and_processing.load_data(p=1),wikipedia_views_load_and_processing.сheck_data -> wikipedia_views_load_and_processing.load_data,wikipedia_views_load_and_processing.check_end_day -> wikipedia_views_load_and_processing.trigger_send_message -> wikipedia_views_load_and_processing.send_message_telegram,https://github.com/Gleb01548/russian_wiki_view_db/blob/2a2810bbf2a0ba1a734812810577d7535bfd99a8/dags/wikiviews/processing_data.py#L55
KarthikKothareddy/AirFlow,example_branch_dop_operator_v3,airflow/example_dags/example_branch_python_dop_operator_3.py,1.0,2.0,example_branch_dop_operator_v3.oper_1->example_branch_dop_operator_v3.oper_1(p=1),example_branch_dop_operator_v3.oper_1,example_branch_dop_operator_v3.condition -> example_branch_dop_operator_v3.oper_1,https://github.com/KarthikKothareddy/AirFlow/blob/faaf0b8b4467bcf5bff4a5b49086a9e02cb9c112/airflow/example_dags/example_branch_python_dop_operator_3.py#L31
KarthikKothareddy/AirFlow,test_dag_v1,dags/test_dag.py,1.0,3.0,test_dag_v1.run_this_3->test_dag_v1.run_this_3(p=1),test_dag_v1.run_this_3,test_dag_v1.run_this_1 -> test_dag_v1.run_this_2 -> test_dag_v1.run_this_3,https://github.com/KarthikKothareddy/AirFlow/blob/faaf0b8b4467bcf5bff4a5b49086a9e02cb9c112/dags/test_dag.py#L30
MatrixManAtYrService/airflow-challenge,example_branch_dop_operator_v3,airflow/example_dags/example_branch_python_dop_operator_3.py,1.0,2.0,example_branch_dop_operator_v3.dummy_task_1->example_branch_dop_operator_v3.dummy_task_1(p=1),example_branch_dop_operator_v3.dummy_task_1,example_branch_dop_operator_v3.condition -> example_branch_dop_operator_v3.dummy_task_1,https://github.com/MatrixManAtYrService/airflow-challenge/blob/cef498efe9f4818e5f8e85c179ca730e84b31f4a/airflow/example_dags/example_branch_python_dop_operator_3.py#L49
MatrixManAtYrService/airflow-challenge,test_dag_v1,docs/docker-stack/docker-examples/extending/embedding-dags/test_dag.py,1.0,3.0,test_dag_v1.run_this_3->test_dag_v1.run_this_3(p=1),test_dag_v1.run_this_3,test_dag_v1.run_this_1 -> test_dag_v1.run_this_2 -> test_dag_v1.run_this_3,https://github.com/MatrixManAtYrService/airflow-challenge/blob/cef498efe9f4818e5f8e85c179ca730e84b31f4a/docs/docker-stack/docker-examples/extending/embedding-dags/test_dag.py#L30
MrE-Fog/airflow,example_branch_dop_operator_v3,airflow/example_dags/example_branch_python_dop_operator_3.py,1.0,2.0,example_branch_dop_operator_v3.empty_task_1->example_branch_dop_operator_v3.empty_task_1(p=1),example_branch_dop_operator_v3.empty_task_1,example_branch_dop_operator_v3.should_run -> example_branch_dop_operator_v3.empty_task_1,https://github.com/MrE-Fog/airflow/blob/8b69cb51cf8fa671cfc9681a4ccec1eca99862fd/airflow/example_dags/example_branch_python_dop_operator_3.py#L49
MrE-Fog/airflow,test_dag_v1,docs/docker-stack/docker-examples/extending/embedding-dags/test_dag.py,1.0,3.0,test_dag_v1.run_this_3->test_dag_v1.run_this_3(p=1),test_dag_v1.run_this_3,test_dag_v1.run_this_1 -> test_dag_v1.run_this_2 -> test_dag_v1.run_this_3,https://github.com/MrE-Fog/airflow/blob/8b69cb51cf8fa671cfc9681a4ccec1eca99862fd/docs/docker-stack/docker-examples/extending/embedding-dags/test_dag.py#L34
Prashant15887/apache-airflow-2.10.4,example_branch_dop_operator_v3,airflow/example_dags/example_branch_python_dop_operator_3.py,1.0,2.0,example_branch_dop_operator_v3.empty_task_1->example_branch_dop_operator_v3.empty_task_1(p=1),example_branch_dop_operator_v3.empty_task_1,example_branch_dop_operator_v3.should_run -> example_branch_dop_operator_v3.empty_task_1,https://github.com/Prashant15887/apache-airflow-2.10.4/blob/eef69fadf26a6b712bd276155b96721768121e4d/airflow/example_dags/example_branch_python_dop_operator_3.py#L49
Prashant15887/apache-airflow-2.10.4,test_dag_v1,docs/docker-stack/docker-examples/extending/embedding-dags/test_dag.py,1.0,3.0,test_dag_v1.run_this_3->test_dag_v1.run_this_3(p=1),test_dag_v1.run_this_3,test_dag_v1.run_this_1 -> test_dag_v1.run_this_2 -> test_dag_v1.run_this_3,https://github.com/Prashant15887/apache-airflow-2.10.4/blob/eef69fadf26a6b712bd276155b96721768121e4d/docs/docker-stack/docker-examples/extending/embedding-dags/test_dag.py#L35
PreethamMadupuri91/AirflowWorkflow,example_branch_dop_operator_v3,airflow/example_dags/example_branch_python_dop_operator_3.py,1.0,2.0,example_branch_dop_operator_v3.dummy_task_1->example_branch_dop_operator_v3.dummy_task_1(p=1),example_branch_dop_operator_v3.dummy_task_1,example_branch_dop_operator_v3.condition -> example_branch_dop_operator_v3.dummy_task_1,https://github.com/PreethamMadupuri91/AirflowWorkflow/blob/6d6a9ab548edcd90838d099d91419e7cc573340e/airflow/example_dags/example_branch_python_dop_operator_3.py#L35
PreethamMadupuri91/AirflowWorkflow,test_dag_v1,dags/test_dag.py,1.0,3.0,test_dag_v1.run_this_3->test_dag_v1.run_this_3(p=1),test_dag_v1.run_this_3,test_dag_v1.run_this_1 -> test_dag_v1.run_this_2 -> test_dag_v1.run_this_3,https://github.com/PreethamMadupuri91/AirflowWorkflow/blob/6d6a9ab548edcd90838d099d91419e7cc573340e/dags/test_dag.py#L39
Ricochet-Exchange/ricochet-keeper,example_branch_dop_operator_v3,airflow/example_dags/example_branch_python_dop_operator_3.py,1.0,2.0,example_branch_dop_operator_v3.dummy_task_1->example_branch_dop_operator_v3.dummy_task_1(p=1),example_branch_dop_operator_v3.dummy_task_1,example_branch_dop_operator_v3.condition -> example_branch_dop_operator_v3.dummy_task_1,https://github.com/Ricochet-Exchange/ricochet-keeper/blob/200b15fb2c017b415c87bf732874663e8a16c438/airflow/example_dags/example_branch_python_dop_operator_3.py#L49
SonarSource/python-test-sources,example_branch_dop_operator_v3,airflow/airflow/example_dags/example_branch_python_dop_operator_3.py,1.0,2.0,example_branch_dop_operator_v3.dummy_task_1->example_branch_dop_operator_v3.dummy_task_1(p=1),example_branch_dop_operator_v3.dummy_task_1,example_branch_dop_operator_v3.condition -> example_branch_dop_operator_v3.dummy_task_1,https://github.com/SonarSource/python-test-sources/blob/117bb5d06d8bae21cf091d7114071be9e53d4315/airflow/airflow/example_dags/example_branch_python_dop_operator_3.py#L49
SonarSource/python-test-sources,test_dag_v1,airflow/docs/docker-stack/docker-examples/extending/embedding-dags/test_dag.py,1.0,3.0,test_dag_v1.run_this_3->test_dag_v1.run_this_3(p=1),test_dag_v1.run_this_3,test_dag_v1.run_this_1 -> test_dag_v1.run_this_2 -> test_dag_v1.run_this_3,https://github.com/SonarSource/python-test-sources/blob/117bb5d06d8bae21cf091d7114071be9e53d4315/airflow/docs/docker-stack/docker-examples/extending/embedding-dags/test_dag.py#L30
SpringUpenn/airflow,example_branch_dop_operator_v3,airflow/example_dags/example_branch_python_dop_operator_3.py,1.0,2.0,example_branch_dop_operator_v3.oper_1->example_branch_dop_operator_v3.oper_1(p=1),example_branch_dop_operator_v3.oper_1,example_branch_dop_operator_v3.condition -> example_branch_dop_operator_v3.oper_1,https://github.com/SpringUpenn/airflow/blob/facb8fbea154f1cb12db0434a4c8dc7ee7f4bf7b/airflow/example_dags/example_branch_python_dop_operator_3.py#L31
SpringUpenn/airflow,test_dag_v1,dags/test_dag.py,1.0,3.0,test_dag_v1.run_this_3->test_dag_v1.run_this_3(p=1),test_dag_v1.run_this_3,test_dag_v1.run_this_1 -> test_dag_v1.run_this_2 -> test_dag_v1.run_this_3,https://github.com/SpringUpenn/airflow/blob/facb8fbea154f1cb12db0434a4c8dc7ee7f4bf7b/dags/test_dag.py#L30
Tristan-Chow/airflow,example_branch_dop_operator_v3,airflow-1.10.12/airflow/example_dags/example_branch_python_dop_operator_3.py,1.0,2.0,example_branch_dop_operator_v3.dummy_task_1->example_branch_dop_operator_v3.dummy_task_1(p=1),example_branch_dop_operator_v3.dummy_task_1,example_branch_dop_operator_v3.condition -> example_branch_dop_operator_v3.dummy_task_1,https://github.com/Tristan-Chow/airflow/blob/fede422ae4074dbc5ee1cc8dd3d0d770bac7b99f/airflow-1.10.12/airflow/example_dags/example_branch_python_dop_operator_3.py#L39
Tristan-Chow/airflow,test_dag_v1,airflow-1.10.12/dags/test_dag.py,1.0,3.0,test_dag_v1.run_this_3->test_dag_v1.run_this_3(p=1),test_dag_v1.run_this_3,test_dag_v1.run_this_1 -> test_dag_v1.run_this_2 -> test_dag_v1.run_this_3,https://github.com/Tristan-Chow/airflow/blob/fede422ae4074dbc5ee1cc8dd3d0d770bac7b99f/airflow-1.10.12/dags/test_dag.py#L40
a0x8o/airflow,example_branch_dop_operator_v3,airflow/example_dags/example_branch_python_dop_operator_3.py,1.0,2.0,example_branch_dop_operator_v3.empty_task_1->example_branch_dop_operator_v3.empty_task_1(p=1),example_branch_dop_operator_v3.empty_task_1,example_branch_dop_operator_v3.should_run -> example_branch_dop_operator_v3.empty_task_1,https://github.com/a0x8o/airflow/blob/044e5a148e8cb0fd091684189411d277f3ffa03b/airflow/example_dags/example_branch_python_dop_operator_3.py#L49
a0x8o/airflow,test_dag_v1,dags/test_dag.py,1.0,3.0,test_dag_v1.run_this_3->test_dag_v1.run_this_3(p=1),test_dag_v1.run_this_3,test_dag_v1.run_this_1 -> test_dag_v1.run_this_2 -> test_dag_v1.run_this_3,https://github.com/a0x8o/airflow/blob/044e5a148e8cb0fd091684189411d277f3ffa03b/dags/test_dag.py#L39
a0x8o/airflow,test_dag_v1,docs/docker-stack/docker-examples/extending/embedding-dags/test_dag.py,1.0,3.0,test_dag_v1.run_this_3->test_dag_v1.run_this_3(p=1),test_dag_v1.run_this_3,test_dag_v1.run_this_1 -> test_dag_v1.run_this_2 -> test_dag_v1.run_this_3,https://github.com/a0x8o/airflow/blob/044e5a148e8cb0fd091684189411d277f3ffa03b/docs/docker-stack/docker-examples/extending/embedding-dags/test_dag.py#L35
aatmdev/apacheairflow,example_branch_dop_operator_v3,airflow/example_dags/example_branch_python_dop_operator_3.py,1.0,2.0,example_branch_dop_operator_v3.dummy_task_1->example_branch_dop_operator_v3.dummy_task_1(p=1),example_branch_dop_operator_v3.dummy_task_1,example_branch_dop_operator_v3.condition -> example_branch_dop_operator_v3.dummy_task_1,https://github.com/aatmdev/apacheairflow/blob/096f5c5cba963b364ee75f6686d128cd4d34d66e/airflow/example_dags/example_branch_python_dop_operator_3.py#L35
aatmdev/apacheairflow,test_dag_v1,dags/test_dag.py,1.0,3.0,test_dag_v1.run_this_3->test_dag_v1.run_this_3(p=1),test_dag_v1.run_this_3,test_dag_v1.run_this_1 -> test_dag_v1.run_this_2 -> test_dag_v1.run_this_3,https://github.com/aatmdev/apacheairflow/blob/096f5c5cba963b364ee75f6686d128cd4d34d66e/dags/test_dag.py#L39
ad20thboys/airflow,example_branch_dop_operator_v3,airflow/example_dags/example_branch_python_dop_operator_3.py,1.0,2.0,example_branch_dop_operator_v3.empty_task_1->example_branch_dop_operator_v3.empty_task_1(p=1),example_branch_dop_operator_v3.empty_task_1,example_branch_dop_operator_v3.condition -> example_branch_dop_operator_v3.empty_task_1,https://github.com/ad20thboys/airflow/blob/d7777bb910d9d5eac40849cc27993676ed0da7f6/airflow/example_dags/example_branch_python_dop_operator_3.py#L47
ad20thboys/airflow,test_dag_v1,docs/docker-stack/docker-examples/extending/embedding-dags/test_dag.py,1.0,3.0,test_dag_v1.run_this_3->test_dag_v1.run_this_3(p=1),test_dag_v1.run_this_3,test_dag_v1.run_this_1 -> test_dag_v1.run_this_2 -> test_dag_v1.run_this_3,https://github.com/ad20thboys/airflow/blob/d7777bb910d9d5eac40849cc27993676ed0da7f6/docs/docker-stack/docker-examples/extending/embedding-dags/test_dag.py#L32
aditishankar/test,example_branch_dop_operator_v3,airflow/example_dags/example_branch_python_dop_operator_3.py,1.0,2.0,example_branch_dop_operator_v3.dummy_task_1->example_branch_dop_operator_v3.dummy_task_1(p=1),example_branch_dop_operator_v3.dummy_task_1,example_branch_dop_operator_v3.condition -> example_branch_dop_operator_v3.dummy_task_1,https://github.com/aditishankar/test/blob/dd3c46115ed3d5af7e6a4a6f8745cffb9b762c3a/airflow/example_dags/example_branch_python_dop_operator_3.py#L54
aditishankar/test,test_dag_v1,dags/test_dag.py,1.0,3.0,test_dag_v1.run_this_3->test_dag_v1.run_this_3(p=1),test_dag_v1.run_this_3,test_dag_v1.run_this_1 -> test_dag_v1.run_this_2 -> test_dag_v1.run_this_3,https://github.com/aditishankar/test/blob/dd3c46115ed3d5af7e6a4a6f8745cffb9b762c3a/dags/test_dag.py#L31
aditishankar/test,test_dag_v1,docs/docker-stack/docker-examples/extending/embedding-dags/test_dag.py,1.0,3.0,test_dag_v1.run_this_3->test_dag_v1.run_this_3(p=1),test_dag_v1.run_this_3,test_dag_v1.run_this_1 -> test_dag_v1.run_this_2 -> test_dag_v1.run_this_3,https://github.com/aditishankar/test/blob/dd3c46115ed3d5af7e6a4a6f8745cffb9b762c3a/docs/docker-stack/docker-examples/extending/embedding-dags/test_dag.py#L32
adityamillind98/Apache-Airflow,example_branch_dop_operator_v3,airflow/example_dags/example_branch_python_dop_operator_3.py,1.0,2.0,example_branch_dop_operator_v3.empty_task_1->example_branch_dop_operator_v3.empty_task_1(p=1),example_branch_dop_operator_v3.empty_task_1,example_branch_dop_operator_v3.should_run -> example_branch_dop_operator_v3.empty_task_1,https://github.com/adityamillind98/Apache-Airflow/blob/643d736ebb32c488005b3832c2c3f226a77900b2/airflow/example_dags/example_branch_python_dop_operator_3.py#L48
adityamillind98/Apache-Airflow,test_dag_v1,docs/docker-stack/docker-examples/extending/embedding-dags/test_dag.py,1.0,3.0,test_dag_v1.run_this_3->test_dag_v1.run_this_3(p=1),test_dag_v1.run_this_3,test_dag_v1.run_this_1 -> test_dag_v1.run_this_2 -> test_dag_v1.run_this_3,https://github.com/adityamillind98/Apache-Airflow/blob/643d736ebb32c488005b3832c2c3f226a77900b2/docs/docker-stack/docker-examples/extending/embedding-dags/test_dag.py#L34
airflow198612/airflow2,example_branch_dop_operator_v3,airflow/dist-packages/airflow/example_dags/example_branch_python_dop_operator_3.py,1.0,2.0,example_branch_dop_operator_v3.oper_1->example_branch_dop_operator_v3.oper_1(p=1),example_branch_dop_operator_v3.oper_1,example_branch_dop_operator_v3.condition -> example_branch_dop_operator_v3.oper_1,https://github.com/airflow198612/airflow2/blob/712c5509ca96e354b5d3cb1728154717a721e156/airflow/dist-packages/airflow/example_dags/example_branch_python_dop_operator_3.py#L31
aliyun/dataworks-spec,example_branch_dop_operator_v3,client/migrationx/migrationx-reader/src/main/python/src/test/test_dag_folder/example_branch_python_dop_operator_3.py,1.0,2.0,example_branch_dop_operator_v3.dummy_task_1->example_branch_dop_operator_v3.dummy_task_1(p=1),example_branch_dop_operator_v3.dummy_task_1,example_branch_dop_operator_v3.condition -> example_branch_dop_operator_v3.dummy_task_1,https://github.com/aliyun/dataworks-spec/blob/a92e8ae5d5bcd4d7c598ae8510f8ab2c897aad4b/client/migrationx/migrationx-reader/src/main/python/src/test/test_dag_folder/example_branch_python_dop_operator_3.py#L34
beefjerky/new_airflow,example_branch_dop_operator_v3,airflow/example_dags/example_branch_python_dop_operator_3.py,1.0,2.0,example_branch_dop_operator_v3.oper_1->example_branch_dop_operator_v3.oper_1(p=1),example_branch_dop_operator_v3.oper_1,example_branch_dop_operator_v3.condition -> example_branch_dop_operator_v3.oper_1,https://github.com/beefjerky/new_airflow/blob/6cb785c8a97829833db5293ad3458dd16fcbf68c/airflow/example_dags/example_branch_python_dop_operator_3.py#L31
beefjerky/new_airflow,test_dag_v1,dags/test_dag.py,1.0,3.0,test_dag_v1.run_this_3->test_dag_v1.run_this_3(p=1),test_dag_v1.run_this_3,test_dag_v1.run_this_1 -> test_dag_v1.run_this_2 -> test_dag_v1.run_this_3,https://github.com/beefjerky/new_airflow/blob/6cb785c8a97829833db5293ad3458dd16fcbf68c/dags/test_dag.py#L29
billCaplan/apache-airflow,example_branch_dop_operator_v3,airflow/example_dags/example_branch_python_dop_operator_3.py,1.0,2.0,example_branch_dop_operator_v3.dummy_task_1->example_branch_dop_operator_v3.dummy_task_1(p=1),example_branch_dop_operator_v3.dummy_task_1,example_branch_dop_operator_v3.condition -> example_branch_dop_operator_v3.dummy_task_1,https://github.com/billCaplan/apache-airflow/blob/0a6850647e531b08f68118ff8ca20577a5b4062c/airflow/example_dags/example_branch_python_dop_operator_3.py#L49
billCaplan/apache-airflow,test_dag_v1,docs/docker-stack/docker-examples/extending/embedding-dags/test_dag.py,1.0,3.0,test_dag_v1.run_this_3->test_dag_v1.run_this_3(p=1),test_dag_v1.run_this_3,test_dag_v1.run_this_1 -> test_dag_v1.run_this_2 -> test_dag_v1.run_this_3,https://github.com/billCaplan/apache-airflow/blob/0a6850647e531b08f68118ff8ca20577a5b4062c/docs/docker-stack/docker-examples/extending/embedding-dags/test_dag.py#L32
brahmamtadepalli/airflow_external,example_branch_dop_operator_v3,airflow/example_dags/example_branch_python_dop_operator_3.py,1.0,2.0,example_branch_dop_operator_v3.empty_task_1->example_branch_dop_operator_v3.empty_task_1(p=1),example_branch_dop_operator_v3.empty_task_1,example_branch_dop_operator_v3.condition -> example_branch_dop_operator_v3.empty_task_1,https://github.com/brahmamtadepalli/airflow_external/blob/41fefa146ac64379447db503b7dba82d5121f06a/airflow/example_dags/example_branch_python_dop_operator_3.py#L47
brahmamtadepalli/airflow_external,test_dag_v1,docs/docker-stack/docker-examples/extending/embedding-dags/test_dag.py,1.0,3.0,test_dag_v1.run_this_3->test_dag_v1.run_this_3(p=1),test_dag_v1.run_this_3,test_dag_v1.run_this_1 -> test_dag_v1.run_this_2 -> test_dag_v1.run_this_3,https://github.com/brahmamtadepalli/airflow_external/blob/41fefa146ac64379447db503b7dba82d5121f06a/docs/docker-stack/docker-examples/extending/embedding-dags/test_dag.py#L32
canislatranscoxus/data_engineer,example_branch_dop_operator_v3,air/airflow_pipelines/examples/example_branch_python_dop_operator_3.py,1.0,2.0,example_branch_dop_operator_v3.empty_task_1->example_branch_dop_operator_v3.empty_task_1(p=1),example_branch_dop_operator_v3.empty_task_1,example_branch_dop_operator_v3.should_run -> example_branch_dop_operator_v3.empty_task_1,https://github.com/canislatranscoxus/data_engineer/blob/24272e2e7183ed37e89a1d69357eae887269fd9e/air/airflow_pipelines/examples/example_branch_python_dop_operator_3.py#L48
christseng89/RealTime_Analysis,test_dag_v3.0,Airflow/docker/dags/test/test_dag_v3.0.py,1.0,2.0,test_dag_v3.0.extract_a->test_dag_v3.0.extract_a(p=1),test_dag_v3.0.extract_a,test_dag_v3.0.process_a -> test_dag_v3.0.clean_a,https://github.com/christseng89/RealTime_Analysis/blob/9f9c51bfa35fc39de7ea821de52986649ae777b3/Airflow/docker/dags/test/test_dag_v3.0.py#L40
christseng89/RealTime_Analysis,test_dag_v3.1,Airflow/docker/dags/test/test_dag_v3.1.py,1.0,2.0,test_dag_v3.1.extract_a->test_dag_v3.1.extract_a(p=1),test_dag_v3.1.extract_a,test_dag_v3.1.process_a -> test_dag_v3.1.clean_a,https://github.com/christseng89/RealTime_Analysis/blob/9f9c51bfa35fc39de7ea821de52986649ae777b3/Airflow/docker/dags/test/test_dag_v3.1.py#L40
cogitok/dags,example_branch_dop_operator_v3,example_branch_python_dop_operator_3.py,1.0,2.0,example_branch_dop_operator_v3.empty_task_1->example_branch_dop_operator_v3.empty_task_1(p=1),example_branch_dop_operator_v3.empty_task_1,example_branch_dop_operator_v3.should_run -> example_branch_dop_operator_v3.empty_task_1,https://github.com/cogitok/dags/blob/16f75d2ced23f834207ab1252de29efcc4f40174/example_branch_python_dop_operator_3.py#L48
davilayang/compose-airlfow,example_branch_dop_operator_v3,backup_dags/example_dags/example_branch_python_dop_operator_3.py,1.0,2.0,example_branch_dop_operator_v3.dummy_task_1->example_branch_dop_operator_v3.dummy_task_1(p=1),example_branch_dop_operator_v3.dummy_task_1,example_branch_dop_operator_v3.condition -> example_branch_dop_operator_v3.dummy_task_1,https://github.com/davilayang/compose-airlfow/blob/0d90b116691df218181d2a18a27aa1d317043fa2/backup_dags/example_dags/example_branch_python_dop_operator_3.py#L20
diggzhang/airflow-dingding,example_branch_dop_operator_v3,airflow/example_dags/example_branch_python_dop_operator_3.py,1.0,2.0,example_branch_dop_operator_v3.oper_1->example_branch_dop_operator_v3.oper_1(p=1),example_branch_dop_operator_v3.oper_1,example_branch_dop_operator_v3.condition -> example_branch_dop_operator_v3.oper_1,https://github.com/diggzhang/airflow-dingding/blob/b7571f6b7c6d2d7845672c2f9cfcac9010553dc8/airflow/example_dags/example_branch_python_dop_operator_3.py#L31
diggzhang/airflow-dingding,test_dag_v1,dags/test_dag.py,1.0,3.0,test_dag_v1.run_this_3->test_dag_v1.run_this_3(p=1),test_dag_v1.run_this_3,test_dag_v1.run_this_1 -> test_dag_v1.run_this_2 -> test_dag_v1.run_this_3,https://github.com/diggzhang/airflow-dingding/blob/b7571f6b7c6d2d7845672c2f9cfcac9010553dc8/dags/test_dag.py#L30
digital-dev-ai/digitalflow,example_branch_dop_operator_v3,translate/original_airflow/example_dags/example_branch_python_dop_operator_3.py,1.0,2.0,example_branch_dop_operator_v3.empty_task_1->example_branch_dop_operator_v3.empty_task_1(p=1),example_branch_dop_operator_v3.empty_task_1,example_branch_dop_operator_v3.should_run -> example_branch_dop_operator_v3.empty_task_1,https://github.com/digital-dev-ai/digitalflow/blob/8641870dbd1ff9c784fc5cf4f1576db7d4482718/translate/original_airflow/example_dags/example_branch_python_dop_operator_3.py#L49
dipampaul17/protean,example_branch_dop_operator_v3,data/raw/oss_dags/apache_airflow_airflow-core_src_airflow_example_dags_example_branch_python_dop_operator_3.py,1.0,2.0,example_branch_dop_operator_v3.empty_task_1->example_branch_dop_operator_v3.empty_task_1(p=1),example_branch_dop_operator_v3.empty_task_1,example_branch_dop_operator_v3.should_run -> example_branch_dop_operator_v3.empty_task_1,https://github.com/dipampaul17/protean/blob/ed2e25024b27d44ea67d9f417b4f63d51694b8a9/data/raw/oss_dags/apache_airflow_airflow-core_src_airflow_example_dags_example_branch_python_dop_operator_3.py#L45
ep-infosec/33_apache_airflow,example_branch_dop_operator_v3,airflow/example_dags/example_branch_python_dop_operator_3.py,1.0,2.0,example_branch_dop_operator_v3.empty_task_1->example_branch_dop_operator_v3.empty_task_1(p=1),example_branch_dop_operator_v3.empty_task_1,example_branch_dop_operator_v3.should_run -> example_branch_dop_operator_v3.empty_task_1,https://github.com/ep-infosec/33_apache_airflow/blob/783a45c40f802c2978eae8a0ad54068d474d2cd6/airflow/example_dags/example_branch_python_dop_operator_3.py#L48
ep-infosec/33_apache_airflow,test_dag_v1,docs/docker-stack/docker-examples/extending/embedding-dags/test_dag.py,1.0,3.0,test_dag_v1.run_this_3->test_dag_v1.run_this_3(p=1),test_dag_v1.run_this_3,test_dag_v1.run_this_1 -> test_dag_v1.run_this_2 -> test_dag_v1.run_this_3,https://github.com/ep-infosec/33_apache_airflow/blob/783a45c40f802c2978eae8a0ad54068d474d2cd6/docs/docker-stack/docker-examples/extending/embedding-dags/test_dag.py#L34
ep-infosec/airflow,example_branch_dop_operator_v3,airflow/example_dags/example_branch_python_dop_operator_3.py,1.0,2.0,example_branch_dop_operator_v3.empty_task_1->example_branch_dop_operator_v3.empty_task_1(p=1),example_branch_dop_operator_v3.empty_task_1,example_branch_dop_operator_v3.should_run -> example_branch_dop_operator_v3.empty_task_1,https://github.com/ep-infosec/airflow/blob/836bae7f71a45a2f1afb46c2b7cfcecff0452ae9/airflow/example_dags/example_branch_python_dop_operator_3.py#L48
ep-infosec/airflow,test_dag_v1,docs/docker-stack/docker-examples/extending/embedding-dags/test_dag.py,1.0,3.0,test_dag_v1.run_this_3->test_dag_v1.run_this_3(p=1),test_dag_v1.run_this_3,test_dag_v1.run_this_1 -> test_dag_v1.run_this_2 -> test_dag_v1.run_this_3,https://github.com/ep-infosec/airflow/blob/836bae7f71a45a2f1afb46c2b7cfcecff0452ae9/docs/docker-stack/docker-examples/extending/embedding-dags/test_dag.py#L34
grantatspothero/incubator-airflow,example_branch_dop_operator_v3,airflow/example_dags/example_branch_python_dop_operator_3.py,1.0,2.0,example_branch_dop_operator_v3.oper_1->example_branch_dop_operator_v3.oper_1(p=1),example_branch_dop_operator_v3.oper_1,example_branch_dop_operator_v3.condition -> example_branch_dop_operator_v3.oper_1,https://github.com/grantatspothero/incubator-airflow/blob/206180f000430b64407fad7ab266de80c647cf1e/airflow/example_dags/example_branch_python_dop_operator_3.py#L34
grantatspothero/incubator-airflow,test_dag_v1,dags/test_dag.py,1.0,3.0,test_dag_v1.run_this_3->test_dag_v1.run_this_3(p=1),test_dag_v1.run_this_3,test_dag_v1.run_this_1 -> test_dag_v1.run_this_2 -> test_dag_v1.run_this_3,https://github.com/grantatspothero/incubator-airflow/blob/206180f000430b64407fad7ab266de80c647cf1e/dags/test_dag.py#L37
gridgentoo/Airflow,example_branch_dop_operator_v3,airflow/example_dags/example_branch_python_dop_operator_3.py,1.0,2.0,example_branch_dop_operator_v3.oper_1->example_branch_dop_operator_v3.oper_1(p=1),example_branch_dop_operator_v3.oper_1,example_branch_dop_operator_v3.condition -> example_branch_dop_operator_v3.oper_1,https://github.com/gridgentoo/Airflow/blob/1b8336ffa4f102d19391186e2af7346c743d8c0a/airflow/example_dags/example_branch_python_dop_operator_3.py#L34
gridgentoo/Airflow,test_dag_v1,dags/test_dag.py,1.0,3.0,test_dag_v1.run_this_3->test_dag_v1.run_this_3(p=1),test_dag_v1.run_this_3,test_dag_v1.run_this_1 -> test_dag_v1.run_this_2 -> test_dag_v1.run_this_3,https://github.com/gridgentoo/Airflow/blob/1b8336ffa4f102d19391186e2af7346c743d8c0a/dags/test_dag.py#L35
gvm2121/airflow_dags,example_branch_dop_operator_v3,airflow/airflow-core/src/airflow/example_dags/example_branch_python_dop_operator_3.py,1.0,2.0,example_branch_dop_operator_v3.empty_task_1->example_branch_dop_operator_v3.empty_task_1(p=1),example_branch_dop_operator_v3.empty_task_1,example_branch_dop_operator_v3.should_run -> example_branch_dop_operator_v3.empty_task_1,https://github.com/gvm2121/airflow_dags/blob/c02ebcbcf1ce6642be23e688cd8af51b70ca2f8a/airflow/airflow-core/src/airflow/example_dags/example_branch_python_dop_operator_3.py#L45
gvm2121/airflow_dags,test_dag_v1,airflow/docker-stack-docs/docker-examples/extending/embedding-dags/test_dag.py,1.0,3.0,test_dag_v1.run_this_3->test_dag_v1.run_this_3(p=1),test_dag_v1.run_this_3,test_dag_v1.run_this_1 -> test_dag_v1.run_this_2 -> test_dag_v1.run_this_3,https://github.com/gvm2121/airflow_dags/blob/c02ebcbcf1ce6642be23e688cd8af51b70ca2f8a/airflow/docker-stack-docs/docker-examples/extending/embedding-dags/test_dag.py#L35
heraclex/airflow-dags,example_branch_dop_operator_v3,dags/example_branch_python_dop_operator_3.py,1.0,2.0,example_branch_dop_operator_v3.empty_task_1->example_branch_dop_operator_v3.empty_task_1(p=1),example_branch_dop_operator_v3.empty_task_1,example_branch_dop_operator_v3.condition -> example_branch_dop_operator_v3.empty_task_1,https://github.com/heraclex/airflow-dags/blob/410a2ea402ae89dba3f839f81b08f60a24f0aab4/dags/example_branch_python_dop_operator_3.py#L47
iamjamaal/flight-price-pipeline,monitoring_dashboard,dags/monitoring_dag.py,1.0,4.0,monitoring_dashboard.send_alerts->monitoring_dashboard.send_alerts(p=1),monitoring_dashboard.send_alerts,monitoring_dashboard.check_health -> monitoring_dashboard.collect_performance_metrics -> monitoring_dashboard.generate_health_report -> monitoring_dashboard.send_alerts,https://github.com/iamjamaal/flight-price-pipeline/blob/97be146e129902ec27fb446383215ec3bcae7260/dags/monitoring_dag.py#L26
ismailozcelik1494/veri-isleme-platformu,example_branch_dop_operator_v3,airflow/airflow-core/src/airflow/example_dags/example_branch_python_dop_operator_3.py,1.0,2.0,example_branch_dop_operator_v3.empty_task_1->example_branch_dop_operator_v3.empty_task_1(p=1),example_branch_dop_operator_v3.empty_task_1,example_branch_dop_operator_v3.should_run -> example_branch_dop_operator_v3.empty_task_1,https://github.com/ismailozcelik1494/veri-isleme-platformu/blob/6635966fe821fce939a5de2b6f1420cf3bba6d45/airflow/airflow-core/src/airflow/example_dags/example_branch_python_dop_operator_3.py#L47
ismailozcelik1494/veri-isleme-platformu,test_dag_v1,airflow/docs/docker-stack/docker-examples/extending/embedding-dags/test_dag.py,1.0,3.0,test_dag_v1.run_this_3->test_dag_v1.run_this_3(p=1),test_dag_v1.run_this_3,test_dag_v1.run_this_1 -> test_dag_v1.run_this_2 -> test_dag_v1.run_this_3,https://github.com/ismailozcelik1494/veri-isleme-platformu/blob/6635966fe821fce939a5de2b6f1420cf3bba6d45/airflow/docs/docker-stack/docker-examples/extending/embedding-dags/test_dag.py#L35
jao6693/airflow,example_branch_dop_operator_v3,airflow/example_dags/example_branch_python_dop_operator_3.py,1.0,2.0,example_branch_dop_operator_v3.empty_task_1->example_branch_dop_operator_v3.empty_task_1(p=1),example_branch_dop_operator_v3.empty_task_1,example_branch_dop_operator_v3.should_run -> example_branch_dop_operator_v3.empty_task_1,https://github.com/jao6693/airflow/blob/269b608246b015c55e6cae4ed0f50b1e2bb0fa95/airflow/example_dags/example_branch_python_dop_operator_3.py#L49
jao6693/airflow,test_dag_v1,docs/docker-stack/docker-examples/extending/embedding-dags/test_dag.py,1.0,3.0,test_dag_v1.run_this_3->test_dag_v1.run_this_3(p=1),test_dag_v1.run_this_3,test_dag_v1.run_this_1 -> test_dag_v1.run_this_2 -> test_dag_v1.run_this_3,https://github.com/jao6693/airflow/blob/269b608246b015c55e6cae4ed0f50b1e2bb0fa95/docs/docker-stack/docker-examples/extending/embedding-dags/test_dag.py#L34
jiojios/airflow2pro,example_branch_dop_operator_v3,example_dags/example_branch_python_dop_operator_3.py,1.0,2.0,example_branch_dop_operator_v3.dummy_task_1->example_branch_dop_operator_v3.dummy_task_1(p=1),example_branch_dop_operator_v3.dummy_task_1,example_branch_dop_operator_v3.condition -> example_branch_dop_operator_v3.dummy_task_1,https://github.com/jiojios/airflow2pro/blob/1c4b5e5fcc66d3ae465c52e36826300d5009bfbe/example_dags/example_branch_python_dop_operator_3.py#L34
jiyooonkim/Coding,aggregate_data,python/airflow.py,1.0,2.0,aggregate_data.aggregate_data_task->aggregate_data.aggregate_data_task(p=1),aggregate_data.aggregate_data_task,aggregate_data.wait_for_loading_raw_data_task -> aggregate_data.aggregate_data_task,https://github.com/jiyooonkim/Coding/blob/435758e15fd1d3916fd06a3f8ecf0bcbda0ccbea/python/airflow.py#L55
joelrahman/test-airflow-dags,example_branch_dop_operator_v3,example_branch_python_dop_operator_3.py,1.0,2.0,example_branch_dop_operator_v3.dummy_task_1->example_branch_dop_operator_v3.dummy_task_1(p=1),example_branch_dop_operator_v3.dummy_task_1,example_branch_dop_operator_v3.condition -> example_branch_dop_operator_v3.dummy_task_1,https://github.com/joelrahman/test-airflow-dags/blob/7d4e58d3670bfdfda31e9c28332023250217a96c/example_branch_python_dop_operator_3.py#L39
joseyMe/velocityrailways,etl_pipeline,vrail_dag.py,1.0,3.0,etl_pipeline.data_duplication->etl_pipeline.data_duplication(p=1),etl_pipeline.data_duplication,etl_pipeline.data_ingestion -> etl_pipeline.data_transformation -> etl_pipeline.data_duplication,https://github.com/joseyMe/velocityrailways/blob/8d518b87444d5776283bef08f081ab2a338cc9f6/vrail_dag.py#L22
kevin0120/PythonWorld,example_branch_dop_operator_v3,airflow/airflow/example_dags/example_branch_python_dop_operator_3.py,1.0,2.0,example_branch_dop_operator_v3.empty_task_1->example_branch_dop_operator_v3.empty_task_1(p=1),example_branch_dop_operator_v3.empty_task_1,example_branch_dop_operator_v3.condition -> example_branch_dop_operator_v3.empty_task_1,https://github.com/kevin0120/PythonWorld/blob/d7a2815ce729bd5fefb6be689e87035f6e01cee4/airflow/airflow/example_dags/example_branch_python_dop_operator_3.py#L47
khairulhabibatibm/airflow-py38,example_branch_dop_operator_v3,airflow/example_dags/example_branch_python_dop_operator_3.py,1.0,2.0,example_branch_dop_operator_v3.dummy_task_1->example_branch_dop_operator_v3.dummy_task_1(p=1),example_branch_dop_operator_v3.dummy_task_1,example_branch_dop_operator_v3.condition -> example_branch_dop_operator_v3.dummy_task_1,https://github.com/khairulhabibatibm/airflow-py38/blob/7d26f213aa47648e08260fd54066209fd40766c7/airflow/example_dags/example_branch_python_dop_operator_3.py#L49
khairulhabibatibm/airflow-py38,test_dag_v1,docs/docker-stack/docker-examples/extending/embedding-dags/test_dag.py,1.0,3.0,test_dag_v1.run_this_3->test_dag_v1.run_this_3(p=1),test_dag_v1.run_this_3,test_dag_v1.run_this_1 -> test_dag_v1.run_this_2 -> test_dag_v1.run_this_3,https://github.com/khairulhabibatibm/airflow-py38/blob/7d26f213aa47648e08260fd54066209fd40766c7/docs/docker-stack/docker-examples/extending/embedding-dags/test_dag.py#L32
kira-lin/ve450-declarative-deployment-framework,test_dag_v1,airflow/dags/test_dag.py,1.0,3.0,test_dag_v1.run_this_3->test_dag_v1.run_this_3(p=1),test_dag_v1.run_this_3,test_dag_v1.run_this_1 -> test_dag_v1.run_this_2 -> test_dag_v1.run_this_3,https://github.com/kira-lin/ve450-declarative-deployment-framework/blob/f28e8b468568c8623134db5a1a8757860788799f/airflow/dags/test_dag.py#L35
lisy09/ai-flow,example_branch_dop_operator_v3,lib/airflow/airflow/example_dags/example_branch_python_dop_operator_3.py,1.0,2.0,example_branch_dop_operator_v3.dummy_task_1->example_branch_dop_operator_v3.dummy_task_1(p=1),example_branch_dop_operator_v3.dummy_task_1,example_branch_dop_operator_v3.condition -> example_branch_dop_operator_v3.dummy_task_1,https://github.com/lisy09/ai-flow/blob/14271c1551caeb25263830b599b0f589cd8d7f8e/lib/airflow/airflow/example_dags/example_branch_python_dop_operator_3.py#L34
lisy09/ai-flow,test_dag_v1,lib/airflow/dags/test_dag.py,1.0,3.0,test_dag_v1.run_this_3->test_dag_v1.run_this_3(p=1),test_dag_v1.run_this_3,test_dag_v1.run_this_1 -> test_dag_v1.run_this_2 -> test_dag_v1.run_this_3,https://github.com/lisy09/ai-flow/blob/14271c1551caeb25263830b599b0f589cd8d7f8e/lib/airflow/dags/test_dag.py#L31
makerdao-data/blank-airflow,example_branch_dop_operator_v3,airflow/example_dags/example_branch_python_dop_operator_3.py,1.0,2.0,example_branch_dop_operator_v3.dummy_task_1->example_branch_dop_operator_v3.dummy_task_1(p=1),example_branch_dop_operator_v3.dummy_task_1,example_branch_dop_operator_v3.condition -> example_branch_dop_operator_v3.dummy_task_1,https://github.com/makerdao-data/blank-airflow/blob/ad2751a1ac31d86c0a14b28ecd3b5ea5e12e02fc/airflow/example_dags/example_branch_python_dop_operator_3.py#L49
makerdao-data/blank-airflow,test_dag_v1,docs/docker-stack/docker-examples/extending/embedding-dags/test_dag.py,1.0,3.0,test_dag_v1.run_this_3->test_dag_v1.run_this_3(p=1),test_dag_v1.run_this_3,test_dag_v1.run_this_1 -> test_dag_v1.run_this_2 -> test_dag_v1.run_this_3,https://github.com/makerdao-data/blank-airflow/blob/ad2751a1ac31d86c0a14b28ecd3b5ea5e12e02fc/docs/docker-stack/docker-examples/extending/embedding-dags/test_dag.py#L32
marklindsey11/Apache-Airflow,example_branch_dop_operator_v3,airflow/example_dags/example_branch_python_dop_operator_3.py,1.0,2.0,example_branch_dop_operator_v3.dummy_task_1->example_branch_dop_operator_v3.dummy_task_1(p=1),example_branch_dop_operator_v3.dummy_task_1,example_branch_dop_operator_v3.condition -> example_branch_dop_operator_v3.dummy_task_1,https://github.com/marklindsey11/Apache-Airflow/blob/d34936bcad21ee644be0a481c970106aab81262a/airflow/example_dags/example_branch_python_dop_operator_3.py#L49
marklindsey11/Apache-Airflow,test_dag_v1,docs/docker-stack/docker-examples/extending/embedding-dags/test_dag.py,1.0,3.0,test_dag_v1.run_this_3->test_dag_v1.run_this_3(p=1),test_dag_v1.run_this_3,test_dag_v1.run_this_1 -> test_dag_v1.run_this_2 -> test_dag_v1.run_this_3,https://github.com/marklindsey11/Apache-Airflow/blob/d34936bcad21ee644be0a481c970106aab81262a/docs/docker-stack/docker-examples/extending/embedding-dags/test_dag.py#L30
meyerjo2024/airflow1,example_branch_dop_operator_v3,airflow-core/src/airflow/example_dags/example_branch_python_dop_operator_3.py,1.0,2.0,example_branch_dop_operator_v3.empty_task_1->example_branch_dop_operator_v3.empty_task_1(p=1),example_branch_dop_operator_v3.empty_task_1,example_branch_dop_operator_v3.should_run -> example_branch_dop_operator_v3.empty_task_1,https://github.com/meyerjo2024/airflow1/blob/07a7aeb6d82c7f7b01879fdf69e827baef238940/airflow-core/src/airflow/example_dags/example_branch_python_dop_operator_3.py#L45
meyerjo2024/airflow1,test_dag_v1,docker-stack-docs/docker-examples/extending/embedding-dags/test_dag.py,1.0,3.0,test_dag_v1.run_this_3->test_dag_v1.run_this_3(p=1),test_dag_v1.run_this_3,test_dag_v1.run_this_1 -> test_dag_v1.run_this_2 -> test_dag_v1.run_this_3,https://github.com/meyerjo2024/airflow1/blob/07a7aeb6d82c7f7b01879fdf69e827baef238940/docker-stack-docs/docker-examples/extending/embedding-dags/test_dag.py#L35
no-brand/airflow-fork,example_branch_dop_operator_v3,airflow/example_dags/example_branch_python_dop_operator_3.py,1.0,2.0,example_branch_dop_operator_v3.empty_task_1->example_branch_dop_operator_v3.empty_task_1(p=1),example_branch_dop_operator_v3.empty_task_1,example_branch_dop_operator_v3.condition -> example_branch_dop_operator_v3.empty_task_1,https://github.com/no-brand/airflow-fork/blob/6a0ce67699fbf35f70a5e615610280158ba72fe3/airflow/example_dags/example_branch_python_dop_operator_3.py#L49
no-brand/airflow-fork,test_dag_v1,docs/docker-stack/docker-examples/extending/embedding-dags/test_dag.py,1.0,3.0,test_dag_v1.run_this_3->test_dag_v1.run_this_3(p=1),test_dag_v1.run_this_3,test_dag_v1.run_this_1 -> test_dag_v1.run_this_2 -> test_dag_v1.run_this_3,https://github.com/no-brand/airflow-fork/blob/6a0ce67699fbf35f70a5e615610280158ba72fe3/docs/docker-stack/docker-examples/extending/embedding-dags/test_dag.py#L32
onestn/airflow-2.10.4,example_branch_dop_operator_v3,airflow/example_dags/example_branch_python_dop_operator_3.py,1.0,2.0,example_branch_dop_operator_v3.empty_task_1->example_branch_dop_operator_v3.empty_task_1(p=1),example_branch_dop_operator_v3.empty_task_1,example_branch_dop_operator_v3.should_run -> example_branch_dop_operator_v3.empty_task_1,https://github.com/onestn/airflow-2.10.4/blob/0d8010dbb5f27545babda2f3c2ff7cdf386bc2b8/airflow/example_dags/example_branch_python_dop_operator_3.py#L49
onestn/airflow-2.10.4,test_dag_v1,docs/docker-stack/docker-examples/extending/embedding-dags/test_dag.py,1.0,3.0,test_dag_v1.run_this_3->test_dag_v1.run_this_3(p=1),test_dag_v1.run_this_3,test_dag_v1.run_this_1 -> test_dag_v1.run_this_2 -> test_dag_v1.run_this_3,https://github.com/onestn/airflow-2.10.4/blob/0d8010dbb5f27545babda2f3c2ff7cdf386bc2b8/docs/docker-stack/docker-examples/extending/embedding-dags/test_dag.py#L35
osuarez84/airflow-k8s,example_branch_dop_operator_v3,airflow-master/airflow/example_dags/example_branch_python_dop_operator_3.py,1.0,2.0,example_branch_dop_operator_v3.dummy_task_1->example_branch_dop_operator_v3.dummy_task_1(p=1),example_branch_dop_operator_v3.dummy_task_1,example_branch_dop_operator_v3.condition -> example_branch_dop_operator_v3.dummy_task_1,https://github.com/osuarez84/airflow-k8s/blob/aa6b0555f1b873352dbe5b696cd1e8fb4b725d46/airflow-master/airflow/example_dags/example_branch_python_dop_operator_3.py#L54
osuarez84/airflow-k8s,test_dag_v1,airflow-master/dags/test_dag.py,1.0,3.0,test_dag_v1.run_this_3->test_dag_v1.run_this_3(p=1),test_dag_v1.run_this_3,test_dag_v1.run_this_1 -> test_dag_v1.run_this_2 -> test_dag_v1.run_this_3,https://github.com/osuarez84/airflow-k8s/blob/aa6b0555f1b873352dbe5b696cd1e8fb4b725d46/airflow-master/dags/test_dag.py#L31
osuarez84/airflow-k8s,test_dag_v1,airflow-master/docs/docker-stack/docker-examples/extending/embedding-dags/test_dag.py,1.0,3.0,test_dag_v1.run_this_3->test_dag_v1.run_this_3(p=1),test_dag_v1.run_this_3,test_dag_v1.run_this_1 -> test_dag_v1.run_this_2 -> test_dag_v1.run_this_3,https://github.com/osuarez84/airflow-k8s/blob/aa6b0555f1b873352dbe5b696cd1e8fb4b725d46/airflow-master/docs/docker-stack/docker-examples/extending/embedding-dags/test_dag.py#L32
oxylabs/building-scraping-pipeline-apache-airflow,scrape,DAG/scrape.py,1.0,3.0,scrape.push->scrape.push(p=1),scrape.push,scrape.always -> scrape.once_per_day -> scrape.push,https://github.com/oxylabs/building-scraping-pipeline-apache-airflow/blob/b62054f3bf369991340aeef45021158c467e5655/DAG/scrape.py#L14
paxtonab/airflow,example_branch_dop_operator_v3,airflow/example_dags/example_branch_python_dop_operator_3.py,1.0,2.0,example_branch_dop_operator_v3.oper_1->example_branch_dop_operator_v3.oper_1(p=1),example_branch_dop_operator_v3.oper_1,example_branch_dop_operator_v3.condition -> example_branch_dop_operator_v3.oper_1,https://github.com/paxtonab/airflow/blob/da569d7b006d6f7e843c5cc0f4c0111ed5382bae/airflow/example_dags/example_branch_python_dop_operator_3.py#L34
paxtonab/airflow,test_dag_v1,dags/test_dag.py,1.0,3.0,test_dag_v1.run_this_3->test_dag_v1.run_this_3(p=1),test_dag_v1.run_this_3,test_dag_v1.run_this_1 -> test_dag_v1.run_this_2 -> test_dag_v1.run_this_3,https://github.com/paxtonab/airflow/blob/da569d7b006d6f7e843c5cc0f4c0111ed5382bae/dags/test_dag.py#L35
plivo/airflow,example_branch_dop_operator_v3,airflow/example_dags/example_branch_python_dop_operator_3.py,1.0,2.0,example_branch_dop_operator_v3.oper_1->example_branch_dop_operator_v3.oper_1(p=1),example_branch_dop_operator_v3.oper_1,example_branch_dop_operator_v3.condition -> example_branch_dop_operator_v3.oper_1,https://github.com/plivo/airflow/blob/99e7d8c61b25aeaf8a507cff0af10dc158159a4d/airflow/example_dags/example_branch_python_dop_operator_3.py#L32
plivo/airflow,test_dag_v1,dags/test_dag.py,1.0,3.0,test_dag_v1.run_this_3->test_dag_v1.run_this_3(p=1),test_dag_v1.run_this_3,test_dag_v1.run_this_1 -> test_dag_v1.run_this_2 -> test_dag_v1.run_this_3,https://github.com/plivo/airflow/blob/99e7d8c61b25aeaf8a507cff0af10dc158159a4d/dags/test_dag.py#L29
pranjal15195gaur/STT-Lab-Assignment-M2,example_branch_dop_operator_v3,lab7&8/airflow/airflow/example_dags/example_branch_python_dop_operator_3.py,1.0,2.0,example_branch_dop_operator_v3.empty_task_1->example_branch_dop_operator_v3.empty_task_1(p=1),example_branch_dop_operator_v3.empty_task_1,example_branch_dop_operator_v3.should_run -> example_branch_dop_operator_v3.empty_task_1,https://github.com/pranjal15195gaur/STT-Lab-Assignment-M2/blob/76790d61989539a2eeb16e64e8ef23d50a6325a6/lab7%268/airflow/airflow/example_dags/example_branch_python_dop_operator_3.py#L47
pranjal15195gaur/STT-Lab-Assignment-M2,test_dag_v1,lab7&8/airflow/docs/docker-stack/docker-examples/extending/embedding-dags/test_dag.py,1.0,3.0,test_dag_v1.run_this_3->test_dag_v1.run_this_3(p=1),test_dag_v1.run_this_3,test_dag_v1.run_this_1 -> test_dag_v1.run_this_2 -> test_dag_v1.run_this_3,https://github.com/pranjal15195gaur/STT-Lab-Assignment-M2/blob/76790d61989539a2eeb16e64e8ef23d50a6325a6/lab7%268/airflow/docs/docker-stack/docker-examples/extending/embedding-dags/test_dag.py#L35
rajatonit/airflow-spark-k8s-poc,example_branch_dop_operator_v3,apache-airflow-2.3.2/airflow/example_dags/example_branch_python_dop_operator_3.py,1.0,2.0,example_branch_dop_operator_v3.empty_task_1->example_branch_dop_operator_v3.empty_task_1(p=1),example_branch_dop_operator_v3.empty_task_1,example_branch_dop_operator_v3.condition -> example_branch_dop_operator_v3.empty_task_1,https://github.com/rajatonit/airflow-spark-k8s-poc/blob/b168099bea4094a790763379ffc18b943929a0e3/apache-airflow-2.3.2/airflow/example_dags/example_branch_python_dop_operator_3.py#L47
rajatonit/airflow-spark-k8s-poc,test_dag_v1,apache-airflow-2.3.2/docs/docker-stack/docker-examples/extending/embedding-dags/test_dag.py,1.0,3.0,test_dag_v1.run_this_3->test_dag_v1.run_this_3(p=1),test_dag_v1.run_this_3,test_dag_v1.run_this_1 -> test_dag_v1.run_this_2 -> test_dag_v1.run_this_3,https://github.com/rajatonit/airflow-spark-k8s-poc/blob/b168099bea4094a790763379ffc18b943929a0e3/apache-airflow-2.3.2/docs/docker-stack/docker-examples/extending/embedding-dags/test_dag.py#L32
sandys/tf-ecs-airflow,example_branch_dop_operator_v3,airflow/airflow/example_dags/example_branch_python_dop_operator_3.py,1.0,2.0,example_branch_dop_operator_v3.empty_task_1->example_branch_dop_operator_v3.empty_task_1(p=1),example_branch_dop_operator_v3.empty_task_1,example_branch_dop_operator_v3.condition -> example_branch_dop_operator_v3.empty_task_1,https://github.com/sandys/tf-ecs-airflow/blob/f483be90b61c3d83b9ccf1fa594876d5544cec3f/airflow/airflow/example_dags/example_branch_python_dop_operator_3.py#L47
sandys/tf-ecs-airflow,test_dag_v1,airflow/docs/docker-stack/docker-examples/extending/embedding-dags/test_dag.py,1.0,3.0,test_dag_v1.run_this_3->test_dag_v1.run_this_3(p=1),test_dag_v1.run_this_3,test_dag_v1.run_this_1 -> test_dag_v1.run_this_2 -> test_dag_v1.run_this_3,https://github.com/sandys/tf-ecs-airflow/blob/f483be90b61c3d83b9ccf1fa594876d5544cec3f/airflow/docs/docker-stack/docker-examples/extending/embedding-dags/test_dag.py#L32
scotthavens/docker-airflow,hrrr_retrevial,dags/dag_hrrr_retrevial.py,2.0,3.0,hrrr_retrevial.upload_swift->hrrr_retrevial.upload_swift(p=1),hrrr_retrevial.convert_grib2nc -> hrrr_retrevial.upload_swift,hrrr_retrevial.run_hrrr_retrieval_dates -> hrrr_retrevial.convert_grib2nc -> hrrr_retrevial.upload_swift,https://github.com/scotthavens/docker-airflow/blob/2263952e45258a091b286452d67b9d5f52283bd7/dags/dag_hrrr_retrevial.py#L38
solomonjoeykao/airflow225_python38_kaldi,example_branch_dop_operator_v3,airflow/example_dags/example_branch_python_dop_operator_3.py,1.0,2.0,example_branch_dop_operator_v3.dummy_task_1->example_branch_dop_operator_v3.dummy_task_1(p=1),example_branch_dop_operator_v3.dummy_task_1,example_branch_dop_operator_v3.condition -> example_branch_dop_operator_v3.dummy_task_1,https://github.com/solomonjoeykao/airflow225_python38_kaldi/blob/5411cadf2175378e012631973846df3c4f887af0/airflow/example_dags/example_branch_python_dop_operator_3.py#L49
solomonjoeykao/airflow225_python38_kaldi,test_dag_v1,docs/docker-stack/docker-examples/extending/embedding-dags/test_dag.py,1.0,3.0,test_dag_v1.run_this_3->test_dag_v1.run_this_3(p=1),test_dag_v1.run_this_3,test_dag_v1.run_this_1 -> test_dag_v1.run_this_2 -> test_dag_v1.run_this_3,https://github.com/solomonjoeykao/airflow225_python38_kaldi/blob/5411cadf2175378e012631973846df3c4f887af0/docs/docker-stack/docker-examples/extending/embedding-dags/test_dag.py#L32
solomonjoeykao/airflow243_python38_kaldi,example_branch_dop_operator_v3,airflow/example_dags/example_branch_python_dop_operator_3.py,1.0,2.0,example_branch_dop_operator_v3.empty_task_1->example_branch_dop_operator_v3.empty_task_1(p=1),example_branch_dop_operator_v3.empty_task_1,example_branch_dop_operator_v3.should_run -> example_branch_dop_operator_v3.empty_task_1,https://github.com/solomonjoeykao/airflow243_python38_kaldi/blob/ce42ec0240a396a7e2ac9f018c71822020c8de02/airflow/example_dags/example_branch_python_dop_operator_3.py#L49
solomonjoeykao/airflow243_python38_kaldi,test_dag_v1,docs/docker-stack/docker-examples/extending/embedding-dags/test_dag.py,1.0,3.0,test_dag_v1.run_this_3->test_dag_v1.run_this_3(p=1),test_dag_v1.run_this_3,test_dag_v1.run_this_1 -> test_dag_v1.run_this_2 -> test_dag_v1.run_this_3,https://github.com/solomonjoeykao/airflow243_python38_kaldi/blob/ce42ec0240a396a7e2ac9f018c71822020c8de02/docs/docker-stack/docker-examples/extending/embedding-dags/test_dag.py#L34
somun0891/airflow,example_branch_dop_operator_v3,dags/examples/example_branch_python_dop_operator_3.py,1.0,2.0,example_branch_dop_operator_v3.empty_task_1->example_branch_dop_operator_v3.empty_task_1(p=1),example_branch_dop_operator_v3.empty_task_1,example_branch_dop_operator_v3.should_run -> example_branch_dop_operator_v3.empty_task_1,https://github.com/somun0891/airflow/blob/811bfa0a695e78aecc86e49735dcb7dfaadfcbcc/dags/examples/example_branch_python_dop_operator_3.py#L49
soumyamohanty96/airflow,example_branch_dop_operator_v3,airflow/example_dags/example_branch_python_dop_operator_3.py,1.0,2.0,example_branch_dop_operator_v3.empty_task_1->example_branch_dop_operator_v3.empty_task_1(p=1),example_branch_dop_operator_v3.empty_task_1,example_branch_dop_operator_v3.condition -> example_branch_dop_operator_v3.empty_task_1,https://github.com/soumyamohanty96/airflow/blob/643072865d6e52e9a0b7e2c83d94d30c9a347fd2/airflow/example_dags/example_branch_python_dop_operator_3.py#L47
soumyamohanty96/airflow,test_dag_v1,docs/docker-stack/docker-examples/extending/embedding-dags/test_dag.py,1.0,3.0,test_dag_v1.run_this_3->test_dag_v1.run_this_3(p=1),test_dag_v1.run_this_3,test_dag_v1.run_this_1 -> test_dag_v1.run_this_2 -> test_dag_v1.run_this_3,https://github.com/soumyamohanty96/airflow/blob/643072865d6e52e9a0b7e2c83d94d30c9a347fd2/docs/docker-stack/docker-examples/extending/embedding-dags/test_dag.py#L32
speaud/scripts-and-scraps,example_branch_dop_operator_v3,docker/sandbox/ubuntu-airflow/airflow/dags/example_branch_python_dop_operator_3.py,1.0,2.0,example_branch_dop_operator_v3.dummy_task_1->example_branch_dop_operator_v3.dummy_task_1(p=1),example_branch_dop_operator_v3.dummy_task_1,example_branch_dop_operator_v3.condition -> example_branch_dop_operator_v3.dummy_task_1,https://github.com/speaud/scripts-and-scraps/blob/4debb08d84f55fb990133a107d43d5c20c940eed/docker/sandbox/ubuntu-airflow/airflow/dags/example_branch_python_dop_operator_3.py#L34
supratim94336/SparkifyDataPipelineWithAirflow,udac_example_dag,airflow/dags/udacity_dag.py,2.0,6.0,udac_example_dag.load_dimensions->udac_example_dag.load_dimensions(p=1),udac_example_dag.Load_songplays_fact_table -> udac_example_dag.load_dimensions,udac_example_dag.Begin_execution -> udac_example_dag.Stage_events -> udac_example_dag.Load_songplays_fact_table -> udac_example_dag.load_dimensions -> udac_example_dag.Run_data_quality_checks -> udac_example_dag.Stop_execution,https://github.com/supratim94336/SparkifyDataPipelineWithAirflow/blob/a09505b8ad2696a24e661b2251d19e04986b9e8c/airflow/dags/udacity_dag.py#L31
timsu27/airflow,example_branch_dop_operator_v3,airflow/example_dags/example_branch_python_dop_operator_3.py,1.0,2.0,example_branch_dop_operator_v3.dummy_task_1->example_branch_dop_operator_v3.dummy_task_1(p=1),example_branch_dop_operator_v3.dummy_task_1,example_branch_dop_operator_v3.condition -> example_branch_dop_operator_v3.dummy_task_1,https://github.com/timsu27/airflow/blob/e4169b81775fa2957a3b0a43ca68187de2482ef3/airflow/example_dags/example_branch_python_dop_operator_3.py#L49
timsu27/airflow,test_dag_v1,docs/docker-stack/docker-examples/extending/embedding-dags/test_dag.py,1.0,3.0,test_dag_v1.run_this_3->test_dag_v1.run_this_3(p=1),test_dag_v1.run_this_3,test_dag_v1.run_this_1 -> test_dag_v1.run_this_2 -> test_dag_v1.run_this_3,https://github.com/timsu27/airflow/blob/e4169b81775fa2957a3b0a43ca68187de2482ef3/docs/docker-stack/docker-examples/extending/embedding-dags/test_dag.py#L32
upjohnc/airflow-upjohn-k8s,example_branch_dop_operator_v3,airflow/example_dags/example_branch_python_dop_operator_3.py,1.0,2.0,example_branch_dop_operator_v3.dummy_task_1->example_branch_dop_operator_v3.dummy_task_1(p=1),example_branch_dop_operator_v3.dummy_task_1,example_branch_dop_operator_v3.condition -> example_branch_dop_operator_v3.dummy_task_1,https://github.com/upjohnc/airflow-upjohn-k8s/blob/caadbc1618d73e054de99138b0892cea3a9327c4/airflow/example_dags/example_branch_python_dop_operator_3.py#L36
upjohnc/airflow-upjohn-k8s,test_dag_v1,dags/test_dag.py,1.0,3.0,test_dag_v1.run_this_3->test_dag_v1.run_this_3(p=1),test_dag_v1.run_this_3,test_dag_v1.run_this_1 -> test_dag_v1.run_this_2 -> test_dag_v1.run_this_3,https://github.com/upjohnc/airflow-upjohn-k8s/blob/caadbc1618d73e054de99138b0892cea3a9327c4/dags/test_dag.py#L37
uyoungii/airflow-2.1.4,example_branch_dop_operator_v3,airflow-2.1.4/airflow/example_dags/example_branch_python_dop_operator_3.py,1.0,2.0,example_branch_dop_operator_v3.dummy_task_1->example_branch_dop_operator_v3.dummy_task_1(p=1),example_branch_dop_operator_v3.dummy_task_1,example_branch_dop_operator_v3.condition -> example_branch_dop_operator_v3.dummy_task_1,https://github.com/uyoungii/airflow-2.1.4/blob/ecfff5789962adb28d8c9911372a5d46e3575147/airflow-2.1.4/airflow/example_dags/example_branch_python_dop_operator_3.py#L54
uyoungii/airflow-2.1.4,test_dag_v1,airflow-2.1.4/dags/test_dag.py,1.0,3.0,test_dag_v1.run_this_3->test_dag_v1.run_this_3(p=1),test_dag_v1.run_this_3,test_dag_v1.run_this_1 -> test_dag_v1.run_this_2 -> test_dag_v1.run_this_3,https://github.com/uyoungii/airflow-2.1.4/blob/ecfff5789962adb28d8c9911372a5d46e3575147/airflow-2.1.4/dags/test_dag.py#L31
uyoungii/airflow-2.1.4,test_dag_v1,airflow-2.1.4/docs/docker-stack/docker-examples/extending/embedding-dags/test_dag.py,1.0,3.0,test_dag_v1.run_this_3->test_dag_v1.run_this_3(p=1),test_dag_v1.run_this_3,test_dag_v1.run_this_1 -> test_dag_v1.run_this_2 -> test_dag_v1.run_this_3,https://github.com/uyoungii/airflow-2.1.4/blob/ecfff5789962adb28d8c9911372a5d46e3575147/airflow-2.1.4/docs/docker-stack/docker-examples/extending/embedding-dags/test_dag.py#L32
wanman/incubator-airflow,example_branch_dop_operator_v3,airflow/example_dags/example_branch_python_dop_operator_3.py,1.0,2.0,example_branch_dop_operator_v3.oper_1->example_branch_dop_operator_v3.oper_1(p=1),example_branch_dop_operator_v3.oper_1,example_branch_dop_operator_v3.condition -> example_branch_dop_operator_v3.oper_1,https://github.com/wanman/incubator-airflow/blob/7764c75a7c8d1cd3d4a3f9ce021d92988bb45698/airflow/example_dags/example_branch_python_dop_operator_3.py#L31
wanman/incubator-airflow,test_dag_v1,dags/test_dag.py,1.0,3.0,test_dag_v1.run_this_3->test_dag_v1.run_this_3(p=1),test_dag_v1.run_this_3,test_dag_v1.run_this_1 -> test_dag_v1.run_this_2 -> test_dag_v1.run_this_3,https://github.com/wanman/incubator-airflow/blob/7764c75a7c8d1cd3d4a3f9ce021d92988bb45698/dags/test_dag.py#L29
wbe7/dag,example_branch_dop_operator_v3,airflow/example_dags/example_branch_python_dop_operator_3.py,1.0,2.0,example_branch_dop_operator_v3.dummy_task_1->example_branch_dop_operator_v3.dummy_task_1(p=1),example_branch_dop_operator_v3.dummy_task_1,example_branch_dop_operator_v3.condition -> example_branch_dop_operator_v3.dummy_task_1,https://github.com/wbe7/dag/blob/93cf91b7f0c712f23df4a2033e0c1dedf6a46e40/airflow/example_dags/example_branch_python_dop_operator_3.py#L54
wbe7/dag,test_dag_v1,dags/test.py,1.0,3.0,test_dag_v1.run_this_3->test_dag_v1.run_this_3(p=1),test_dag_v1.run_this_3,test_dag_v1.run_this_1 -> test_dag_v1.run_this_2 -> test_dag_v1.run_this_3,https://github.com/wbe7/dag/blob/93cf91b7f0c712f23df4a2033e0c1dedf6a46e40/dags/test.py#L31
